id,name,model_id:id,group_id:id,perm_read,perm_write,perm_create,perm_unlink
access_education_attendance_faculty,access.education.attendance.faculty,education_attendances.model_education_attendance,education_core.group_education_faculty,1,1,1,0
access_education_attendance_line_faculty,access.education.attendance.line.faculty,education_attendances.model_education_attendance_line,education_core.group_education_faculty,1,1,1,0
access_education_attendance_principal,access.education.attendance.principal,education_attendances.model_education_attendance,education_core.group_education_principal,1,1,1,1
access_education_attendance_line_principal,access.education.attendance.line.principal,education_attendances.model_education_attendance_line,education_core.group_education_principal,1,1,1,1
